nb_neurones_per_layers,nb_layers,activation,subsampling_dt,batchsize,past_temporal_horizon,future_temporal_horizon,past_delay,future_delay,state_configuration,data,data_dt,version,use_input,nb_epochs,nb_data,
8,2,tanh,0.02,256,0.5,0.1,0.02,0.02,vanderpol,vanderpol_simulation,0.001,cnn,0,1,200,0
8,2,tanh,0.02,256,0.5,0.2,0.02,0.02,vanderpol,vanderpol_simulation,0.001,cnn,0,1,200,1
8,2,tanh,0.02,256,0.5,0.4,0.02,0.02,vanderpol,vanderpol_simulation,0.001,cnn,0,1,200,2
8,2,tanh,0.02,256,0.5,0.8,0.02,0.02,vanderpol,vanderpol_simulation,0.001,cnn,0,1,200,3
8,2,tanh,0.02,256,1,0.1,0.02,0.02,vanderpol,vanderpol_simulation,0.001,cnn,0,1,200,4
8,2,tanh,0.02,256,1,0.2,0.02,0.02,vanderpol,vanderpol_simulation,0.001,cnn,0,1,200,5
8,2,tanh,0.02,256,1,0.4,0.02,0.02,vanderpol,vanderpol_simulation,0.001,cnn,0,1,200,6
8,2,tanh,0.02,256,1,0.8,0.02,0.02,vanderpol,vanderpol_simulation,0.001,cnn,0,1,200,7
8,2,tanh,0.02,256,2,0.1,0.02,0.02,vanderpol,vanderpol_simulation,0.001,cnn,0,1,200,8
8,2,tanh,0.02,256,2,0.2,0.02,0.02,vanderpol,vanderpol_simulation,0.001,cnn,0,1,200,9
8,2,tanh,0.02,256,2,0.4,0.02,0.02,vanderpol,vanderpol_simulation,0.001,cnn,0,1,200,10
8,2,tanh,0.02,256,2,0.8,0.02,0.02,vanderpol,vanderpol_simulation,0.001,cnn,0,1,200,11
8,2,tanh,0.02,256,4,0.1,0.02,0.02,vanderpol,vanderpol_simulation,0.001,cnn,0,1,200,12
8,2,tanh,0.02,256,4,0.2,0.02,0.02,vanderpol,vanderpol_simulation,0.001,cnn,0,1,200,13
8,2,tanh,0.02,256,4,0.4,0.02,0.02,vanderpol,vanderpol_simulation,0.001,cnn,0,1,200,14
8,2,tanh,0.02,256,4,0.8,0.02,0.02,vanderpol,vanderpol_simulation,0.001,cnn,0,1,200,15
8,2,tanh,0.02,256,0.5,0.1,0.02,0.02,vanderpol,vanderpol_simulation,0.001,cnn,0,1,200,16
8,2,tanh,0.02,256,0.5,0.2,0.02,0.02,vanderpol,vanderpol_simulation,0.001,cnn,0,1,200,17
8,2,tanh,0.02,256,0.5,0.4,0.02,0.02,vanderpol,vanderpol_simulation,0.001,cnn,0,1,200,18
8,2,tanh,0.02,256,0.5,0.8,0.02,0.02,vanderpol,vanderpol_simulation,0.001,cnn,0,1,200,19
8,2,tanh,0.02,256,1,0.1,0.02,0.02,vanderpol,vanderpol_simulation,0.001,cnn,0,1,200,20
8,2,tanh,0.02,256,1,0.2,0.02,0.02,vanderpol,vanderpol_simulation,0.001,cnn,0,1,200,21
8,2,tanh,0.02,256,1,0.4,0.02,0.02,vanderpol,vanderpol_simulation,0.001,cnn,0,1,200,22
8,2,tanh,0.02,256,1,0.8,0.02,0.02,vanderpol,vanderpol_simulation,0.001,cnn,0,1,200,23
8,2,tanh,0.02,256,2,0.1,0.02,0.02,vanderpol,vanderpol_simulation,0.001,cnn,0,1,200,24
8,2,tanh,0.02,256,2,0.2,0.02,0.02,vanderpol,vanderpol_simulation,0.001,cnn,0,1,200,25
8,2,tanh,0.02,256,2,0.4,0.02,0.02,vanderpol,vanderpol_simulation,0.001,cnn,0,1,200,26
8,2,tanh,0.02,256,2,0.8,0.02,0.02,vanderpol,vanderpol_simulation,0.001,cnn,0,1,200,27
8,2,tanh,0.02,256,4,0.1,0.02,0.02,vanderpol,vanderpol_simulation,0.001,cnn,0,1,200,28
8,2,tanh,0.02,256,4,0.2,0.02,0.02,vanderpol,vanderpol_simulation,0.001,cnn,0,1,200,29
8,2,tanh,0.02,256,4,0.4,0.02,0.02,vanderpol,vanderpol_simulation,0.001,cnn,0,1,200,30
8,2,tanh,0.02,256,4,0.8,0.02,0.02,vanderpol,vanderpol_simulation,0.001,cnn,0,1,200,31
8,2,tanh,0.02,256,0.5,0.1,0.02,0.02,vanderpol,vanderpol_simulation,0.001,cnn,0,1,200,32
8,2,tanh,0.02,256,0.5,0.2,0.02,0.02,vanderpol,vanderpol_simulation,0.001,cnn,0,1,200,33
8,2,tanh,0.02,256,0.5,0.4,0.02,0.02,vanderpol,vanderpol_simulation,0.001,cnn,0,1,200,34
8,2,tanh,0.02,256,0.5,0.8,0.02,0.02,vanderpol,vanderpol_simulation,0.001,cnn,0,1,200,35
8,2,tanh,0.02,256,1,0.1,0.02,0.02,vanderpol,vanderpol_simulation,0.001,cnn,0,1,200,36
8,2,tanh,0.02,256,1,0.2,0.02,0.02,vanderpol,vanderpol_simulation,0.001,cnn,0,1,200,37
8,2,tanh,0.02,256,1,0.4,0.02,0.02,vanderpol,vanderpol_simulation,0.001,cnn,0,1,200,38
8,2,tanh,0.02,256,1,0.8,0.02,0.02,vanderpol,vanderpol_simulation,0.001,cnn,0,1,200,39
8,2,tanh,0.02,256,2,0.1,0.02,0.02,vanderpol,vanderpol_simulation,0.001,cnn,0,1,200,40
8,2,tanh,0.02,256,2,0.2,0.02,0.02,vanderpol,vanderpol_simulation,0.001,cnn,0,1,200,41
8,2,tanh,0.02,256,2,0.4,0.02,0.02,vanderpol,vanderpol_simulation,0.001,cnn,0,1,200,42
8,2,tanh,0.02,256,2,0.8,0.02,0.02,vanderpol,vanderpol_simulation,0.001,cnn,0,1,200,43
8,2,tanh,0.02,256,4,0.1,0.02,0.02,vanderpol,vanderpol_simulation,0.001,cnn,0,1,200,44
8,2,tanh,0.02,256,4,0.2,0.02,0.02,vanderpol,vanderpol_simulation,0.001,cnn,0,1,200,45
8,2,tanh,0.02,256,4,0.4,0.02,0.02,vanderpol,vanderpol_simulation,0.001,cnn,0,1,200,46
8,2,tanh,0.02,256,4,0.8,0.02,0.02,vanderpol,vanderpol_simulation,0.001,cnn,0,1,200,47
8,2,tanh,0.02,256,0.5,0.1,0.02,0.02,duffing,duffing_simulation,0.001,cnn,1,1,200,48
8,2,tanh,0.02,256,0.5,0.2,0.02,0.02,duffing,duffing_simulation,0.001,cnn,1,1,200,49
8,2,tanh,0.02,256,0.5,0.4,0.02,0.02,duffing,duffing_simulation,0.001,cnn,1,1,200,50
8,2,tanh,0.02,256,0.5,0.8,0.02,0.02,duffing,duffing_simulation,0.001,cnn,1,1,200,51
8,2,tanh,0.02,256,1,0.1,0.02,0.02,duffing,duffing_simulation,0.001,cnn,1,1,200,52
8,2,tanh,0.02,256,1,0.2,0.02,0.02,duffing,duffing_simulation,0.001,cnn,1,1,200,53
8,2,tanh,0.02,256,1,0.4,0.02,0.02,duffing,duffing_simulation,0.001,cnn,1,1,200,54
8,2,tanh,0.02,256,1,0.8,0.02,0.02,duffing,duffing_simulation,0.001,cnn,1,1,200,55
8,2,tanh,0.02,256,2,0.1,0.02,0.02,duffing,duffing_simulation,0.001,cnn,1,1,200,56
8,2,tanh,0.02,256,2,0.2,0.02,0.02,duffing,duffing_simulation,0.001,cnn,1,1,200,57
8,2,tanh,0.02,256,2,0.4,0.02,0.02,duffing,duffing_simulation,0.001,cnn,1,1,200,58
8,2,tanh,0.02,256,2,0.8,0.02,0.02,duffing,duffing_simulation,0.001,cnn,1,1,200,59
8,2,tanh,0.02,256,4,0.1,0.02,0.02,duffing,duffing_simulation,0.001,cnn,1,1,200,60
8,2,tanh,0.02,256,4,0.2,0.02,0.02,duffing,duffing_simulation,0.001,cnn,1,1,200,61
8,2,tanh,0.02,256,4,0.4,0.02,0.02,duffing,duffing_simulation,0.001,cnn,1,1,200,62
8,2,tanh,0.02,256,4,0.8,0.02,0.02,duffing,duffing_simulation,0.001,cnn,1,1,200,63
8,2,tanh,0.02,256,0.5,0.1,0.02,0.02,duffing,duffing_simulation,0.001,cnn,1,1,200,64
8,2,tanh,0.02,256,0.5,0.2,0.02,0.02,duffing,duffing_simulation,0.001,cnn,1,1,200,65
8,2,tanh,0.02,256,0.5,0.4,0.02,0.02,duffing,duffing_simulation,0.001,cnn,1,1,200,66
8,2,tanh,0.02,256,0.5,0.8,0.02,0.02,duffing,duffing_simulation,0.001,cnn,1,1,200,67
8,2,tanh,0.02,256,1,0.1,0.02,0.02,duffing,duffing_simulation,0.001,cnn,1,1,200,68
8,2,tanh,0.02,256,1,0.2,0.02,0.02,duffing,duffing_simulation,0.001,cnn,1,1,200,69
8,2,tanh,0.02,256,1,0.4,0.02,0.02,duffing,duffing_simulation,0.001,cnn,1,1,200,70
8,2,tanh,0.02,256,1,0.8,0.02,0.02,duffing,duffing_simulation,0.001,cnn,1,1,200,71
8,2,tanh,0.02,256,2,0.1,0.02,0.02,duffing,duffing_simulation,0.001,cnn,1,1,200,72
8,2,tanh,0.02,256,2,0.2,0.02,0.02,duffing,duffing_simulation,0.001,cnn,1,1,200,73
8,2,tanh,0.02,256,2,0.4,0.02,0.02,duffing,duffing_simulation,0.001,cnn,1,1,200,74
8,2,tanh,0.02,256,2,0.8,0.02,0.02,duffing,duffing_simulation,0.001,cnn,1,1,200,75
8,2,tanh,0.02,256,4,0.1,0.02,0.02,duffing,duffing_simulation,0.001,cnn,1,1,200,76
8,2,tanh,0.02,256,4,0.2,0.02,0.02,duffing,duffing_simulation,0.001,cnn,1,1,200,77
8,2,tanh,0.02,256,4,0.4,0.02,0.02,duffing,duffing_simulation,0.001,cnn,1,1,200,78
8,2,tanh,0.02,256,4,0.8,0.02,0.02,duffing,duffing_simulation,0.001,cnn,1,1,200,79
8,2,tanh,0.02,256,0.5,0.1,0.02,0.02,duffing,duffing_simulation,0.001,cnn,1,1,200,80
8,2,tanh,0.02,256,0.5,0.2,0.02,0.02,duffing,duffing_simulation,0.001,cnn,1,1,200,81
8,2,tanh,0.02,256,0.5,0.4,0.02,0.02,duffing,duffing_simulation,0.001,cnn,1,1,200,82
8,2,tanh,0.02,256,0.5,0.8,0.02,0.02,duffing,duffing_simulation,0.001,cnn,1,1,200,83
8,2,tanh,0.02,256,1,0.1,0.02,0.02,duffing,duffing_simulation,0.001,cnn,1,1,200,84
8,2,tanh,0.02,256,1,0.2,0.02,0.02,duffing,duffing_simulation,0.001,cnn,1,1,200,85
8,2,tanh,0.02,256,1,0.4,0.02,0.02,duffing,duffing_simulation,0.001,cnn,1,1,200,86
8,2,tanh,0.02,256,1,0.8,0.02,0.02,duffing,duffing_simulation,0.001,cnn,1,1,200,87
8,2,tanh,0.02,256,2,0.1,0.02,0.02,duffing,duffing_simulation,0.001,cnn,1,1,200,88
8,2,tanh,0.02,256,2,0.2,0.02,0.02,duffing,duffing_simulation,0.001,cnn,1,1,200,89
8,2,tanh,0.02,256,2,0.4,0.02,0.02,duffing,duffing_simulation,0.001,cnn,1,1,200,90
8,2,tanh,0.02,256,2,0.8,0.02,0.02,duffing,duffing_simulation,0.001,cnn,1,1,200,91
8,2,tanh,0.02,256,4,0.1,0.02,0.02,duffing,duffing_simulation,0.001,cnn,1,1,200,92
8,2,tanh,0.02,256,4,0.2,0.02,0.02,duffing,duffing_simulation,0.001,cnn,1,1,200,93
8,2,tanh,0.02,256,4,0.4,0.02,0.02,duffing,duffing_simulation,0.001,cnn,1,1,200,94
8,2,tanh,0.02,256,4,0.8,0.02,0.02,duffing,duffing_simulation,0.001,cnn,1,1,200,95
8,2,tanh,0.02,256,0.5,0.1,0.02,0.02,dof2,dof10_simulation,0.001,cnn,1,1,300,96
8,2,tanh,0.02,256,0.5,0.2,0.02,0.02,dof2,dof10_simulation,0.001,cnn,1,1,300,97
8,2,tanh,0.02,256,0.5,0.4,0.02,0.02,dof2,dof10_simulation,0.001,cnn,1,1,300,98
8,2,tanh,0.02,256,0.5,0.8,0.02,0.02,dof2,dof10_simulation,0.001,cnn,1,1,300,99
8,2,tanh,0.02,256,1,0.1,0.02,0.02,dof2,dof10_simulation,0.001,cnn,1,1,300,100
8,2,tanh,0.02,256,1,0.2,0.02,0.02,dof2,dof10_simulation,0.001,cnn,1,1,300,101
8,2,tanh,0.02,256,1,0.4,0.02,0.02,dof2,dof10_simulation,0.001,cnn,1,1,300,102
8,2,tanh,0.02,256,1,0.8,0.02,0.02,dof2,dof10_simulation,0.001,cnn,1,1,300,103
8,2,tanh,0.02,256,2,0.1,0.02,0.02,dof2,dof10_simulation,0.001,cnn,1,1,300,104
8,2,tanh,0.02,256,2,0.2,0.02,0.02,dof2,dof10_simulation,0.001,cnn,1,1,300,105
8,2,tanh,0.02,256,2,0.4,0.02,0.02,dof2,dof10_simulation,0.001,cnn,1,1,300,106
8,2,tanh,0.02,256,2,0.8,0.02,0.02,dof2,dof10_simulation,0.001,cnn,1,1,300,107
8,2,tanh,0.02,256,4,0.1,0.02,0.02,dof2,dof10_simulation,0.001,cnn,1,1,300,108
8,2,tanh,0.02,256,4,0.2,0.02,0.02,dof2,dof10_simulation,0.001,cnn,1,1,300,109
8,2,tanh,0.02,256,4,0.4,0.02,0.02,dof2,dof10_simulation,0.001,cnn,1,1,300,110
8,2,tanh,0.02,256,4,0.8,0.02,0.02,dof2,dof10_simulation,0.001,cnn,1,1,300,111
8,2,tanh,0.02,256,0.5,0.1,0.02,0.02,dof2,dof10_simulation,0.001,cnn,1,1,300,112
8,2,tanh,0.02,256,0.5,0.2,0.02,0.02,dof2,dof10_simulation,0.001,cnn,1,1,300,113
8,2,tanh,0.02,256,0.5,0.4,0.02,0.02,dof2,dof10_simulation,0.001,cnn,1,1,300,114
8,2,tanh,0.02,256,0.5,0.8,0.02,0.02,dof2,dof10_simulation,0.001,cnn,1,1,300,115
8,2,tanh,0.02,256,1,0.1,0.02,0.02,dof2,dof10_simulation,0.001,cnn,1,1,300,116
8,2,tanh,0.02,256,1,0.2,0.02,0.02,dof2,dof10_simulation,0.001,cnn,1,1,300,117
8,2,tanh,0.02,256,1,0.4,0.02,0.02,dof2,dof10_simulation,0.001,cnn,1,1,300,118
8,2,tanh,0.02,256,1,0.8,0.02,0.02,dof2,dof10_simulation,0.001,cnn,1,1,300,119
8,2,tanh,0.02,256,2,0.1,0.02,0.02,dof2,dof10_simulation,0.001,cnn,1,1,300,120
8,2,tanh,0.02,256,2,0.2,0.02,0.02,dof2,dof10_simulation,0.001,cnn,1,1,300,121
8,2,tanh,0.02,256,2,0.4,0.02,0.02,dof2,dof10_simulation,0.001,cnn,1,1,300,122
8,2,tanh,0.02,256,2,0.8,0.02,0.02,dof2,dof10_simulation,0.001,cnn,1,1,300,123
8,2,tanh,0.02,256,4,0.1,0.02,0.02,dof2,dof10_simulation,0.001,cnn,1,1,300,124
8,2,tanh,0.02,256,4,0.2,0.02,0.02,dof2,dof10_simulation,0.001,cnn,1,1,300,125
8,2,tanh,0.02,256,4,0.4,0.02,0.02,dof2,dof10_simulation,0.001,cnn,1,1,300,126
8,2,tanh,0.02,256,4,0.8,0.02,0.02,dof2,dof10_simulation,0.001,cnn,1,1,300,127
8,2,tanh,0.02,256,0.5,0.1,0.02,0.02,dof2,dof10_simulation,0.001,cnn,1,1,300,128
8,2,tanh,0.02,256,0.5,0.2,0.02,0.02,dof2,dof10_simulation,0.001,cnn,1,1,300,129
8,2,tanh,0.02,256,0.5,0.4,0.02,0.02,dof2,dof10_simulation,0.001,cnn,1,1,300,130
8,2,tanh,0.02,256,0.5,0.8,0.02,0.02,dof2,dof10_simulation,0.001,cnn,1,1,300,131
8,2,tanh,0.02,256,1,0.1,0.02,0.02,dof2,dof10_simulation,0.001,cnn,1,1,300,132
8,2,tanh,0.02,256,1,0.2,0.02,0.02,dof2,dof10_simulation,0.001,cnn,1,1,300,133
8,2,tanh,0.02,256,1,0.4,0.02,0.02,dof2,dof10_simulation,0.001,cnn,1,1,300,134
8,2,tanh,0.02,256,1,0.8,0.02,0.02,dof2,dof10_simulation,0.001,cnn,1,1,300,135
8,2,tanh,0.02,256,2,0.1,0.02,0.02,dof2,dof10_simulation,0.001,cnn,1,1,300,136
8,2,tanh,0.02,256,2,0.2,0.02,0.02,dof2,dof10_simulation,0.001,cnn,1,1,300,137
8,2,tanh,0.02,256,2,0.4,0.02,0.02,dof2,dof10_simulation,0.001,cnn,1,1,300,138
8,2,tanh,0.02,256,2,0.8,0.02,0.02,dof2,dof10_simulation,0.001,cnn,1,1,300,139
8,2,tanh,0.02,256,4,0.1,0.02,0.02,dof2,dof10_simulation,0.001,cnn,1,1,300,140
8,2,tanh,0.02,256,4,0.2,0.02,0.02,dof2,dof10_simulation,0.001,cnn,1,1,300,141
8,2,tanh,0.02,256,4,0.4,0.02,0.02,dof2,dof10_simulation,0.001,cnn,1,1,300,142
8,2,tanh,0.02,256,4,0.8,0.02,0.02,dof2,dof10_simulation,0.001,cnn,1,1,300,143
8,2,tanh,0.02,256,0.5,0.1,0.02,0.02,vanderpol,vanderpol_simulation,0.001,gru,0,1,200,144
8,2,tanh,0.02,256,0.5,0.2,0.02,0.02,vanderpol,vanderpol_simulation,0.001,gru,0,1,200,145
8,2,tanh,0.02,256,0.5,0.4,0.02,0.02,vanderpol,vanderpol_simulation,0.001,gru,0,1,200,146
8,2,tanh,0.02,256,0.5,0.8,0.02,0.02,vanderpol,vanderpol_simulation,0.001,gru,0,1,200,147
8,2,tanh,0.02,256,1,0.1,0.02,0.02,vanderpol,vanderpol_simulation,0.001,gru,0,1,200,148
8,2,tanh,0.02,256,1,0.2,0.02,0.02,vanderpol,vanderpol_simulation,0.001,gru,0,1,200,149
8,2,tanh,0.02,256,1,0.4,0.02,0.02,vanderpol,vanderpol_simulation,0.001,gru,0,1,200,150
8,2,tanh,0.02,256,1,0.8,0.02,0.02,vanderpol,vanderpol_simulation,0.001,gru,0,1,200,151
8,2,tanh,0.02,256,2,0.1,0.02,0.02,vanderpol,vanderpol_simulation,0.001,gru,0,1,200,152
8,2,tanh,0.02,256,2,0.2,0.02,0.02,vanderpol,vanderpol_simulation,0.001,gru,0,1,200,153
8,2,tanh,0.02,256,2,0.4,0.02,0.02,vanderpol,vanderpol_simulation,0.001,gru,0,1,200,154
8,2,tanh,0.02,256,2,0.8,0.02,0.02,vanderpol,vanderpol_simulation,0.001,gru,0,1,200,155
8,2,tanh,0.02,256,4,0.1,0.02,0.02,vanderpol,vanderpol_simulation,0.001,gru,0,1,200,156
8,2,tanh,0.02,256,4,0.2,0.02,0.02,vanderpol,vanderpol_simulation,0.001,gru,0,1,200,157
8,2,tanh,0.02,256,4,0.4,0.02,0.02,vanderpol,vanderpol_simulation,0.001,gru,0,1,200,158
8,2,tanh,0.02,256,4,0.8,0.02,0.02,vanderpol,vanderpol_simulation,0.001,gru,0,1,200,159
8,2,tanh,0.02,256,0.5,0.1,0.02,0.02,vanderpol,vanderpol_simulation,0.001,gru,0,1,200,160
8,2,tanh,0.02,256,0.5,0.2,0.02,0.02,vanderpol,vanderpol_simulation,0.001,gru,0,1,200,161
8,2,tanh,0.02,256,0.5,0.4,0.02,0.02,vanderpol,vanderpol_simulation,0.001,gru,0,1,200,162
8,2,tanh,0.02,256,0.5,0.8,0.02,0.02,vanderpol,vanderpol_simulation,0.001,gru,0,1,200,163
8,2,tanh,0.02,256,1,0.1,0.02,0.02,vanderpol,vanderpol_simulation,0.001,gru,0,1,200,164
8,2,tanh,0.02,256,1,0.2,0.02,0.02,vanderpol,vanderpol_simulation,0.001,gru,0,1,200,165
8,2,tanh,0.02,256,1,0.4,0.02,0.02,vanderpol,vanderpol_simulation,0.001,gru,0,1,200,166
8,2,tanh,0.02,256,1,0.8,0.02,0.02,vanderpol,vanderpol_simulation,0.001,gru,0,1,200,167
8,2,tanh,0.02,256,2,0.1,0.02,0.02,vanderpol,vanderpol_simulation,0.001,gru,0,1,200,168
8,2,tanh,0.02,256,2,0.2,0.02,0.02,vanderpol,vanderpol_simulation,0.001,gru,0,1,200,169
8,2,tanh,0.02,256,2,0.4,0.02,0.02,vanderpol,vanderpol_simulation,0.001,gru,0,1,200,170
8,2,tanh,0.02,256,2,0.8,0.02,0.02,vanderpol,vanderpol_simulation,0.001,gru,0,1,200,171
8,2,tanh,0.02,256,4,0.1,0.02,0.02,vanderpol,vanderpol_simulation,0.001,gru,0,1,200,172
8,2,tanh,0.02,256,4,0.2,0.02,0.02,vanderpol,vanderpol_simulation,0.001,gru,0,1,200,173
8,2,tanh,0.02,256,4,0.4,0.02,0.02,vanderpol,vanderpol_simulation,0.001,gru,0,1,200,174
8,2,tanh,0.02,256,4,0.8,0.02,0.02,vanderpol,vanderpol_simulation,0.001,gru,0,1,200,175
8,2,tanh,0.02,256,0.5,0.1,0.02,0.02,vanderpol,vanderpol_simulation,0.001,gru,0,1,200,176
8,2,tanh,0.02,256,0.5,0.2,0.02,0.02,vanderpol,vanderpol_simulation,0.001,gru,0,1,200,177
8,2,tanh,0.02,256,0.5,0.4,0.02,0.02,vanderpol,vanderpol_simulation,0.001,gru,0,1,200,178
8,2,tanh,0.02,256,0.5,0.8,0.02,0.02,vanderpol,vanderpol_simulation,0.001,gru,0,1,200,179
8,2,tanh,0.02,256,1,0.1,0.02,0.02,vanderpol,vanderpol_simulation,0.001,gru,0,1,200,180
8,2,tanh,0.02,256,1,0.2,0.02,0.02,vanderpol,vanderpol_simulation,0.001,gru,0,1,200,181
8,2,tanh,0.02,256,1,0.4,0.02,0.02,vanderpol,vanderpol_simulation,0.001,gru,0,1,200,182
8,2,tanh,0.02,256,1,0.8,0.02,0.02,vanderpol,vanderpol_simulation,0.001,gru,0,1,200,183
8,2,tanh,0.02,256,2,0.1,0.02,0.02,vanderpol,vanderpol_simulation,0.001,gru,0,1,200,184
8,2,tanh,0.02,256,2,0.2,0.02,0.02,vanderpol,vanderpol_simulation,0.001,gru,0,1,200,185
8,2,tanh,0.02,256,2,0.4,0.02,0.02,vanderpol,vanderpol_simulation,0.001,gru,0,1,200,186
8,2,tanh,0.02,256,2,0.8,0.02,0.02,vanderpol,vanderpol_simulation,0.001,gru,0,1,200,187
8,2,tanh,0.02,256,4,0.1,0.02,0.02,vanderpol,vanderpol_simulation,0.001,gru,0,1,200,188
8,2,tanh,0.02,256,4,0.2,0.02,0.02,vanderpol,vanderpol_simulation,0.001,gru,0,1,200,189
8,2,tanh,0.02,256,4,0.4,0.02,0.02,vanderpol,vanderpol_simulation,0.001,gru,0,1,200,190
8,2,tanh,0.02,256,4,0.8,0.02,0.02,vanderpol,vanderpol_simulation,0.001,gru,0,1,200,191
8,2,tanh,0.02,256,0.5,0.1,0.02,0.02,duffing,duffing_simulation,0.001,gru,1,1,200,192
8,2,tanh,0.02,256,0.5,0.2,0.02,0.02,duffing,duffing_simulation,0.001,gru,1,1,200,193
8,2,tanh,0.02,256,0.5,0.4,0.02,0.02,duffing,duffing_simulation,0.001,gru,1,1,200,194
8,2,tanh,0.02,256,0.5,0.8,0.02,0.02,duffing,duffing_simulation,0.001,gru,1,1,200,195
8,2,tanh,0.02,256,1,0.1,0.02,0.02,duffing,duffing_simulation,0.001,gru,1,1,200,196
8,2,tanh,0.02,256,1,0.2,0.02,0.02,duffing,duffing_simulation,0.001,gru,1,1,200,197
8,2,tanh,0.02,256,1,0.4,0.02,0.02,duffing,duffing_simulation,0.001,gru,1,1,200,198
8,2,tanh,0.02,256,1,0.8,0.02,0.02,duffing,duffing_simulation,0.001,gru,1,1,200,199
8,2,tanh,0.02,256,2,0.1,0.02,0.02,duffing,duffing_simulation,0.001,gru,1,1,200,200
8,2,tanh,0.02,256,2,0.2,0.02,0.02,duffing,duffing_simulation,0.001,gru,1,1,200,201
8,2,tanh,0.02,256,2,0.4,0.02,0.02,duffing,duffing_simulation,0.001,gru,1,1,200,202
8,2,tanh,0.02,256,2,0.8,0.02,0.02,duffing,duffing_simulation,0.001,gru,1,1,200,203
8,2,tanh,0.02,256,4,0.1,0.02,0.02,duffing,duffing_simulation,0.001,gru,1,1,200,204
8,2,tanh,0.02,256,4,0.2,0.02,0.02,duffing,duffing_simulation,0.001,gru,1,1,200,205
8,2,tanh,0.02,256,4,0.4,0.02,0.02,duffing,duffing_simulation,0.001,gru,1,1,200,206
8,2,tanh,0.02,256,4,0.8,0.02,0.02,duffing,duffing_simulation,0.001,gru,1,1,200,207
8,2,tanh,0.02,256,0.5,0.1,0.02,0.02,duffing,duffing_simulation,0.001,gru,1,1,200,208
8,2,tanh,0.02,256,0.5,0.2,0.02,0.02,duffing,duffing_simulation,0.001,gru,1,1,200,209
8,2,tanh,0.02,256,0.5,0.4,0.02,0.02,duffing,duffing_simulation,0.001,gru,1,1,200,210
8,2,tanh,0.02,256,0.5,0.8,0.02,0.02,duffing,duffing_simulation,0.001,gru,1,1,200,211
8,2,tanh,0.02,256,1,0.1,0.02,0.02,duffing,duffing_simulation,0.001,gru,1,1,200,212
8,2,tanh,0.02,256,1,0.2,0.02,0.02,duffing,duffing_simulation,0.001,gru,1,1,200,213
8,2,tanh,0.02,256,1,0.4,0.02,0.02,duffing,duffing_simulation,0.001,gru,1,1,200,214
8,2,tanh,0.02,256,1,0.8,0.02,0.02,duffing,duffing_simulation,0.001,gru,1,1,200,215
8,2,tanh,0.02,256,2,0.1,0.02,0.02,duffing,duffing_simulation,0.001,gru,1,1,200,216
8,2,tanh,0.02,256,2,0.2,0.02,0.02,duffing,duffing_simulation,0.001,gru,1,1,200,217
8,2,tanh,0.02,256,2,0.4,0.02,0.02,duffing,duffing_simulation,0.001,gru,1,1,200,218
8,2,tanh,0.02,256,2,0.8,0.02,0.02,duffing,duffing_simulation,0.001,gru,1,1,200,219
8,2,tanh,0.02,256,4,0.1,0.02,0.02,duffing,duffing_simulation,0.001,gru,1,1,200,220
8,2,tanh,0.02,256,4,0.2,0.02,0.02,duffing,duffing_simulation,0.001,gru,1,1,200,221
8,2,tanh,0.02,256,4,0.4,0.02,0.02,duffing,duffing_simulation,0.001,gru,1,1,200,222
8,2,tanh,0.02,256,4,0.8,0.02,0.02,duffing,duffing_simulation,0.001,gru,1,1,200,223
8,2,tanh,0.02,256,0.5,0.1,0.02,0.02,duffing,duffing_simulation,0.001,gru,1,1,200,224
8,2,tanh,0.02,256,0.5,0.2,0.02,0.02,duffing,duffing_simulation,0.001,gru,1,1,200,225
8,2,tanh,0.02,256,0.5,0.4,0.02,0.02,duffing,duffing_simulation,0.001,gru,1,1,200,226
8,2,tanh,0.02,256,0.5,0.8,0.02,0.02,duffing,duffing_simulation,0.001,gru,1,1,200,227
8,2,tanh,0.02,256,1,0.1,0.02,0.02,duffing,duffing_simulation,0.001,gru,1,1,200,228
8,2,tanh,0.02,256,1,0.2,0.02,0.02,duffing,duffing_simulation,0.001,gru,1,1,200,229
8,2,tanh,0.02,256,1,0.4,0.02,0.02,duffing,duffing_simulation,0.001,gru,1,1,200,230
8,2,tanh,0.02,256,1,0.8,0.02,0.02,duffing,duffing_simulation,0.001,gru,1,1,200,231
8,2,tanh,0.02,256,2,0.1,0.02,0.02,duffing,duffing_simulation,0.001,gru,1,1,200,232
8,2,tanh,0.02,256,2,0.2,0.02,0.02,duffing,duffing_simulation,0.001,gru,1,1,200,233
8,2,tanh,0.02,256,2,0.4,0.02,0.02,duffing,duffing_simulation,0.001,gru,1,1,200,234
8,2,tanh,0.02,256,2,0.8,0.02,0.02,duffing,duffing_simulation,0.001,gru,1,1,200,235
8,2,tanh,0.02,256,4,0.1,0.02,0.02,duffing,duffing_simulation,0.001,gru,1,1,200,236
8,2,tanh,0.02,256,4,0.2,0.02,0.02,duffing,duffing_simulation,0.001,gru,1,1,200,237
8,2,tanh,0.02,256,4,0.4,0.02,0.02,duffing,duffing_simulation,0.001,gru,1,1,200,238
8,2,tanh,0.02,256,4,0.8,0.02,0.02,duffing,duffing_simulation,0.001,gru,1,1,200,239
8,2,tanh,0.02,256,0.5,0.1,0.02,0.02,dof2,dof10_simulation,0.001,gru,1,1,300,240
8,2,tanh,0.02,256,0.5,0.2,0.02,0.02,dof2,dof10_simulation,0.001,gru,1,1,300,241
8,2,tanh,0.02,256,0.5,0.4,0.02,0.02,dof2,dof10_simulation,0.001,gru,1,1,300,242
8,2,tanh,0.02,256,0.5,0.8,0.02,0.02,dof2,dof10_simulation,0.001,gru,1,1,300,243
8,2,tanh,0.02,256,1,0.1,0.02,0.02,dof2,dof10_simulation,0.001,gru,1,1,300,244
8,2,tanh,0.02,256,1,0.2,0.02,0.02,dof2,dof10_simulation,0.001,gru,1,1,300,245
8,2,tanh,0.02,256,1,0.4,0.02,0.02,dof2,dof10_simulation,0.001,gru,1,1,300,246
8,2,tanh,0.02,256,1,0.8,0.02,0.02,dof2,dof10_simulation,0.001,gru,1,1,300,247
8,2,tanh,0.02,256,2,0.1,0.02,0.02,dof2,dof10_simulation,0.001,gru,1,1,300,248
8,2,tanh,0.02,256,2,0.2,0.02,0.02,dof2,dof10_simulation,0.001,gru,1,1,300,249
8,2,tanh,0.02,256,2,0.4,0.02,0.02,dof2,dof10_simulation,0.001,gru,1,1,300,250
8,2,tanh,0.02,256,2,0.8,0.02,0.02,dof2,dof10_simulation,0.001,gru,1,1,300,251
8,2,tanh,0.02,256,4,0.1,0.02,0.02,dof2,dof10_simulation,0.001,gru,1,1,300,252
8,2,tanh,0.02,256,4,0.2,0.02,0.02,dof2,dof10_simulation,0.001,gru,1,1,300,253
8,2,tanh,0.02,256,4,0.4,0.02,0.02,dof2,dof10_simulation,0.001,gru,1,1,300,254
8,2,tanh,0.02,256,4,0.8,0.02,0.02,dof2,dof10_simulation,0.001,gru,1,1,300,255
8,2,tanh,0.02,256,0.5,0.1,0.02,0.02,dof2,dof10_simulation,0.001,gru,1,1,300,256
8,2,tanh,0.02,256,0.5,0.2,0.02,0.02,dof2,dof10_simulation,0.001,gru,1,1,300,257
8,2,tanh,0.02,256,0.5,0.4,0.02,0.02,dof2,dof10_simulation,0.001,gru,1,1,300,258
8,2,tanh,0.02,256,0.5,0.8,0.02,0.02,dof2,dof10_simulation,0.001,gru,1,1,300,259
8,2,tanh,0.02,256,1,0.1,0.02,0.02,dof2,dof10_simulation,0.001,gru,1,1,300,260
8,2,tanh,0.02,256,1,0.2,0.02,0.02,dof2,dof10_simulation,0.001,gru,1,1,300,261
8,2,tanh,0.02,256,1,0.4,0.02,0.02,dof2,dof10_simulation,0.001,gru,1,1,300,262
8,2,tanh,0.02,256,1,0.8,0.02,0.02,dof2,dof10_simulation,0.001,gru,1,1,300,263
8,2,tanh,0.02,256,2,0.1,0.02,0.02,dof2,dof10_simulation,0.001,gru,1,1,300,264
8,2,tanh,0.02,256,2,0.2,0.02,0.02,dof2,dof10_simulation,0.001,gru,1,1,300,265
8,2,tanh,0.02,256,2,0.4,0.02,0.02,dof2,dof10_simulation,0.001,gru,1,1,300,266
8,2,tanh,0.02,256,2,0.8,0.02,0.02,dof2,dof10_simulation,0.001,gru,1,1,300,267
8,2,tanh,0.02,256,4,0.1,0.02,0.02,dof2,dof10_simulation,0.001,gru,1,1,300,268
8,2,tanh,0.02,256,4,0.2,0.02,0.02,dof2,dof10_simulation,0.001,gru,1,1,300,269
8,2,tanh,0.02,256,4,0.4,0.02,0.02,dof2,dof10_simulation,0.001,gru,1,1,300,270
8,2,tanh,0.02,256,4,0.8,0.02,0.02,dof2,dof10_simulation,0.001,gru,1,1,300,271
8,2,tanh,0.02,256,0.5,0.1,0.02,0.02,dof2,dof10_simulation,0.001,gru,1,1,300,272
8,2,tanh,0.02,256,0.5,0.2,0.02,0.02,dof2,dof10_simulation,0.001,gru,1,1,300,273
8,2,tanh,0.02,256,0.5,0.4,0.02,0.02,dof2,dof10_simulation,0.001,gru,1,1,300,274
8,2,tanh,0.02,256,0.5,0.8,0.02,0.02,dof2,dof10_simulation,0.001,gru,1,1,300,275
8,2,tanh,0.02,256,1,0.1,0.02,0.02,dof2,dof10_simulation,0.001,gru,1,1,300,276
8,2,tanh,0.02,256,1,0.2,0.02,0.02,dof2,dof10_simulation,0.001,gru,1,1,300,277
8,2,tanh,0.02,256,1,0.4,0.02,0.02,dof2,dof10_simulation,0.001,gru,1,1,300,278
8,2,tanh,0.02,256,1,0.8,0.02,0.02,dof2,dof10_simulation,0.001,gru,1,1,300,279
8,2,tanh,0.02,256,2,0.1,0.02,0.02,dof2,dof10_simulation,0.001,gru,1,1,300,280
8,2,tanh,0.02,256,2,0.2,0.02,0.02,dof2,dof10_simulation,0.001,gru,1,1,300,281
8,2,tanh,0.02,256,2,0.4,0.02,0.02,dof2,dof10_simulation,0.001,gru,1,1,300,282
8,2,tanh,0.02,256,2,0.8,0.02,0.02,dof2,dof10_simulation,0.001,gru,1,1,300,283
8,2,tanh,0.02,256,4,0.1,0.02,0.02,dof2,dof10_simulation,0.001,gru,1,1,300,284
8,2,tanh,0.02,256,4,0.2,0.02,0.02,dof2,dof10_simulation,0.001,gru,1,1,300,285
8,2,tanh,0.02,256,4,0.4,0.02,0.02,dof2,dof10_simulation,0.001,gru,1,1,300,286
8,2,tanh,0.02,256,4,0.8,0.02,0.02,dof2,dof10_simulation,0.001,gru,1,1,300,287
8,2,tanh,0.02,256,0.5,0.1,0.02,0.02,vanderpol,vanderpol_simulation,0.001,transformer,0,1,200,288
8,2,tanh,0.02,256,0.5,0.2,0.02,0.02,vanderpol,vanderpol_simulation,0.001,transformer,0,1,200,289
8,2,tanh,0.02,256,0.5,0.4,0.02,0.02,vanderpol,vanderpol_simulation,0.001,transformer,0,1,200,290
8,2,tanh,0.02,256,0.5,0.8,0.02,0.02,vanderpol,vanderpol_simulation,0.001,transformer,0,1,200,291
8,2,tanh,0.02,256,1,0.1,0.02,0.02,vanderpol,vanderpol_simulation,0.001,transformer,0,1,200,292
8,2,tanh,0.02,256,1,0.2,0.02,0.02,vanderpol,vanderpol_simulation,0.001,transformer,0,1,200,293
8,2,tanh,0.02,256,1,0.4,0.02,0.02,vanderpol,vanderpol_simulation,0.001,transformer,0,1,200,294
8,2,tanh,0.02,256,1,0.8,0.02,0.02,vanderpol,vanderpol_simulation,0.001,transformer,0,1,200,295
8,2,tanh,0.02,256,2,0.1,0.02,0.02,vanderpol,vanderpol_simulation,0.001,transformer,0,1,200,296
8,2,tanh,0.02,256,2,0.2,0.02,0.02,vanderpol,vanderpol_simulation,0.001,transformer,0,1,200,297
8,2,tanh,0.02,256,2,0.4,0.02,0.02,vanderpol,vanderpol_simulation,0.001,transformer,0,1,200,298
8,2,tanh,0.02,256,2,0.8,0.02,0.02,vanderpol,vanderpol_simulation,0.001,transformer,0,1,200,299
8,2,tanh,0.02,256,4,0.1,0.02,0.02,vanderpol,vanderpol_simulation,0.001,transformer,0,1,200,300
8,2,tanh,0.02,256,4,0.2,0.02,0.02,vanderpol,vanderpol_simulation,0.001,transformer,0,1,200,301
8,2,tanh,0.02,256,4,0.4,0.02,0.02,vanderpol,vanderpol_simulation,0.001,transformer,0,1,200,302
8,2,tanh,0.02,256,4,0.8,0.02,0.02,vanderpol,vanderpol_simulation,0.001,transformer,0,1,200,303
8,2,tanh,0.02,256,0.5,0.1,0.02,0.02,vanderpol,vanderpol_simulation,0.001,transformer,0,1,200,304
8,2,tanh,0.02,256,0.5,0.2,0.02,0.02,vanderpol,vanderpol_simulation,0.001,transformer,0,1,200,305
8,2,tanh,0.02,256,0.5,0.4,0.02,0.02,vanderpol,vanderpol_simulation,0.001,transformer,0,1,200,306
8,2,tanh,0.02,256,0.5,0.8,0.02,0.02,vanderpol,vanderpol_simulation,0.001,transformer,0,1,200,307
8,2,tanh,0.02,256,1,0.1,0.02,0.02,vanderpol,vanderpol_simulation,0.001,transformer,0,1,200,308
8,2,tanh,0.02,256,1,0.2,0.02,0.02,vanderpol,vanderpol_simulation,0.001,transformer,0,1,200,309
8,2,tanh,0.02,256,1,0.4,0.02,0.02,vanderpol,vanderpol_simulation,0.001,transformer,0,1,200,310
8,2,tanh,0.02,256,1,0.8,0.02,0.02,vanderpol,vanderpol_simulation,0.001,transformer,0,1,200,311
8,2,tanh,0.02,256,2,0.1,0.02,0.02,vanderpol,vanderpol_simulation,0.001,transformer,0,1,200,312
8,2,tanh,0.02,256,2,0.2,0.02,0.02,vanderpol,vanderpol_simulation,0.001,transformer,0,1,200,313
8,2,tanh,0.02,256,2,0.4,0.02,0.02,vanderpol,vanderpol_simulation,0.001,transformer,0,1,200,314
8,2,tanh,0.02,256,2,0.8,0.02,0.02,vanderpol,vanderpol_simulation,0.001,transformer,0,1,200,315
8,2,tanh,0.02,256,4,0.1,0.02,0.02,vanderpol,vanderpol_simulation,0.001,transformer,0,1,200,316
8,2,tanh,0.02,256,4,0.2,0.02,0.02,vanderpol,vanderpol_simulation,0.001,transformer,0,1,200,317
8,2,tanh,0.02,256,4,0.4,0.02,0.02,vanderpol,vanderpol_simulation,0.001,transformer,0,1,200,318
8,2,tanh,0.02,256,4,0.8,0.02,0.02,vanderpol,vanderpol_simulation,0.001,transformer,0,1,200,319
8,2,tanh,0.02,256,0.5,0.1,0.02,0.02,vanderpol,vanderpol_simulation,0.001,transformer,0,1,200,320
8,2,tanh,0.02,256,0.5,0.2,0.02,0.02,vanderpol,vanderpol_simulation,0.001,transformer,0,1,200,321
8,2,tanh,0.02,256,0.5,0.4,0.02,0.02,vanderpol,vanderpol_simulation,0.001,transformer,0,1,200,322
8,2,tanh,0.02,256,0.5,0.8,0.02,0.02,vanderpol,vanderpol_simulation,0.001,transformer,0,1,200,323
8,2,tanh,0.02,256,1,0.1,0.02,0.02,vanderpol,vanderpol_simulation,0.001,transformer,0,1,200,324
8,2,tanh,0.02,256,1,0.2,0.02,0.02,vanderpol,vanderpol_simulation,0.001,transformer,0,1,200,325
8,2,tanh,0.02,256,1,0.4,0.02,0.02,vanderpol,vanderpol_simulation,0.001,transformer,0,1,200,326
8,2,tanh,0.02,256,1,0.8,0.02,0.02,vanderpol,vanderpol_simulation,0.001,transformer,0,1,200,327
8,2,tanh,0.02,256,2,0.1,0.02,0.02,vanderpol,vanderpol_simulation,0.001,transformer,0,1,200,328
8,2,tanh,0.02,256,2,0.2,0.02,0.02,vanderpol,vanderpol_simulation,0.001,transformer,0,1,200,329
8,2,tanh,0.02,256,2,0.4,0.02,0.02,vanderpol,vanderpol_simulation,0.001,transformer,0,1,200,330
8,2,tanh,0.02,256,2,0.8,0.02,0.02,vanderpol,vanderpol_simulation,0.001,transformer,0,1,200,331
8,2,tanh,0.02,256,4,0.1,0.02,0.02,vanderpol,vanderpol_simulation,0.001,transformer,0,1,200,332
8,2,tanh,0.02,256,4,0.2,0.02,0.02,vanderpol,vanderpol_simulation,0.001,transformer,0,1,200,333
8,2,tanh,0.02,256,4,0.4,0.02,0.02,vanderpol,vanderpol_simulation,0.001,transformer,0,1,200,334
8,2,tanh,0.02,256,4,0.8,0.02,0.02,vanderpol,vanderpol_simulation,0.001,transformer,0,1,200,335
8,2,tanh,0.02,256,0.5,0.1,0.02,0.02,duffing,duffing_simulation,0.001,transformer,1,1,200,336
8,2,tanh,0.02,256,0.5,0.2,0.02,0.02,duffing,duffing_simulation,0.001,transformer,1,1,200,337
8,2,tanh,0.02,256,0.5,0.4,0.02,0.02,duffing,duffing_simulation,0.001,transformer,1,1,200,338
8,2,tanh,0.02,256,0.5,0.8,0.02,0.02,duffing,duffing_simulation,0.001,transformer,1,1,200,339
8,2,tanh,0.02,256,1,0.1,0.02,0.02,duffing,duffing_simulation,0.001,transformer,1,1,200,340
8,2,tanh,0.02,256,1,0.2,0.02,0.02,duffing,duffing_simulation,0.001,transformer,1,1,200,341
8,2,tanh,0.02,256,1,0.4,0.02,0.02,duffing,duffing_simulation,0.001,transformer,1,1,200,342
8,2,tanh,0.02,256,1,0.8,0.02,0.02,duffing,duffing_simulation,0.001,transformer,1,1,200,343
8,2,tanh,0.02,256,2,0.1,0.02,0.02,duffing,duffing_simulation,0.001,transformer,1,1,200,344
8,2,tanh,0.02,256,2,0.2,0.02,0.02,duffing,duffing_simulation,0.001,transformer,1,1,200,345
8,2,tanh,0.02,256,2,0.4,0.02,0.02,duffing,duffing_simulation,0.001,transformer,1,1,200,346
8,2,tanh,0.02,256,2,0.8,0.02,0.02,duffing,duffing_simulation,0.001,transformer,1,1,200,347
8,2,tanh,0.02,256,4,0.1,0.02,0.02,duffing,duffing_simulation,0.001,transformer,1,1,200,348
8,2,tanh,0.02,256,4,0.2,0.02,0.02,duffing,duffing_simulation,0.001,transformer,1,1,200,349
8,2,tanh,0.02,256,4,0.4,0.02,0.02,duffing,duffing_simulation,0.001,transformer,1,1,200,350
8,2,tanh,0.02,256,4,0.8,0.02,0.02,duffing,duffing_simulation,0.001,transformer,1,1,200,351
8,2,tanh,0.02,256,0.5,0.1,0.02,0.02,duffing,duffing_simulation,0.001,transformer,1,1,200,352
8,2,tanh,0.02,256,0.5,0.2,0.02,0.02,duffing,duffing_simulation,0.001,transformer,1,1,200,353
8,2,tanh,0.02,256,0.5,0.4,0.02,0.02,duffing,duffing_simulation,0.001,transformer,1,1,200,354
8,2,tanh,0.02,256,0.5,0.8,0.02,0.02,duffing,duffing_simulation,0.001,transformer,1,1,200,355
8,2,tanh,0.02,256,1,0.1,0.02,0.02,duffing,duffing_simulation,0.001,transformer,1,1,200,356
8,2,tanh,0.02,256,1,0.2,0.02,0.02,duffing,duffing_simulation,0.001,transformer,1,1,200,357
8,2,tanh,0.02,256,1,0.4,0.02,0.02,duffing,duffing_simulation,0.001,transformer,1,1,200,358
8,2,tanh,0.02,256,1,0.8,0.02,0.02,duffing,duffing_simulation,0.001,transformer,1,1,200,359
8,2,tanh,0.02,256,2,0.1,0.02,0.02,duffing,duffing_simulation,0.001,transformer,1,1,200,360
8,2,tanh,0.02,256,2,0.2,0.02,0.02,duffing,duffing_simulation,0.001,transformer,1,1,200,361
8,2,tanh,0.02,256,2,0.4,0.02,0.02,duffing,duffing_simulation,0.001,transformer,1,1,200,362
8,2,tanh,0.02,256,2,0.8,0.02,0.02,duffing,duffing_simulation,0.001,transformer,1,1,200,363
8,2,tanh,0.02,256,4,0.1,0.02,0.02,duffing,duffing_simulation,0.001,transformer,1,1,200,364
8,2,tanh,0.02,256,4,0.2,0.02,0.02,duffing,duffing_simulation,0.001,transformer,1,1,200,365
8,2,tanh,0.02,256,4,0.4,0.02,0.02,duffing,duffing_simulation,0.001,transformer,1,1,200,366
8,2,tanh,0.02,256,4,0.8,0.02,0.02,duffing,duffing_simulation,0.001,transformer,1,1,200,367
8,2,tanh,0.02,256,0.5,0.1,0.02,0.02,duffing,duffing_simulation,0.001,transformer,1,1,200,368
8,2,tanh,0.02,256,0.5,0.2,0.02,0.02,duffing,duffing_simulation,0.001,transformer,1,1,200,369
8,2,tanh,0.02,256,0.5,0.4,0.02,0.02,duffing,duffing_simulation,0.001,transformer,1,1,200,370
8,2,tanh,0.02,256,0.5,0.8,0.02,0.02,duffing,duffing_simulation,0.001,transformer,1,1,200,371
8,2,tanh,0.02,256,1,0.1,0.02,0.02,duffing,duffing_simulation,0.001,transformer,1,1,200,372
8,2,tanh,0.02,256,1,0.2,0.02,0.02,duffing,duffing_simulation,0.001,transformer,1,1,200,373
8,2,tanh,0.02,256,1,0.4,0.02,0.02,duffing,duffing_simulation,0.001,transformer,1,1,200,374
8,2,tanh,0.02,256,1,0.8,0.02,0.02,duffing,duffing_simulation,0.001,transformer,1,1,200,375
8,2,tanh,0.02,256,2,0.1,0.02,0.02,duffing,duffing_simulation,0.001,transformer,1,1,200,376
8,2,tanh,0.02,256,2,0.2,0.02,0.02,duffing,duffing_simulation,0.001,transformer,1,1,200,377
8,2,tanh,0.02,256,2,0.4,0.02,0.02,duffing,duffing_simulation,0.001,transformer,1,1,200,378
8,2,tanh,0.02,256,2,0.8,0.02,0.02,duffing,duffing_simulation,0.001,transformer,1,1,200,379
8,2,tanh,0.02,256,4,0.1,0.02,0.02,duffing,duffing_simulation,0.001,transformer,1,1,200,380
8,2,tanh,0.02,256,4,0.2,0.02,0.02,duffing,duffing_simulation,0.001,transformer,1,1,200,381
8,2,tanh,0.02,256,4,0.4,0.02,0.02,duffing,duffing_simulation,0.001,transformer,1,1,200,382
8,2,tanh,0.02,256,4,0.8,0.02,0.02,duffing,duffing_simulation,0.001,transformer,1,1,200,383
8,2,tanh,0.02,256,0.5,0.1,0.02,0.02,dof2,dof10_simulation,0.001,transformer,1,1,300,384
8,2,tanh,0.02,256,0.5,0.2,0.02,0.02,dof2,dof10_simulation,0.001,transformer,1,1,300,385
8,2,tanh,0.02,256,0.5,0.4,0.02,0.02,dof2,dof10_simulation,0.001,transformer,1,1,300,386
8,2,tanh,0.02,256,0.5,0.8,0.02,0.02,dof2,dof10_simulation,0.001,transformer,1,1,300,387
8,2,tanh,0.02,256,1,0.1,0.02,0.02,dof2,dof10_simulation,0.001,transformer,1,1,300,388
8,2,tanh,0.02,256,1,0.2,0.02,0.02,dof2,dof10_simulation,0.001,transformer,1,1,300,389
8,2,tanh,0.02,256,1,0.4,0.02,0.02,dof2,dof10_simulation,0.001,transformer,1,1,300,390
8,2,tanh,0.02,256,1,0.8,0.02,0.02,dof2,dof10_simulation,0.001,transformer,1,1,300,391
8,2,tanh,0.02,256,2,0.1,0.02,0.02,dof2,dof10_simulation,0.001,transformer,1,1,300,392
8,2,tanh,0.02,256,2,0.2,0.02,0.02,dof2,dof10_simulation,0.001,transformer,1,1,300,393
8,2,tanh,0.02,256,2,0.4,0.02,0.02,dof2,dof10_simulation,0.001,transformer,1,1,300,394
8,2,tanh,0.02,256,2,0.8,0.02,0.02,dof2,dof10_simulation,0.001,transformer,1,1,300,395
8,2,tanh,0.02,256,4,0.1,0.02,0.02,dof2,dof10_simulation,0.001,transformer,1,1,300,396
8,2,tanh,0.02,256,4,0.2,0.02,0.02,dof2,dof10_simulation,0.001,transformer,1,1,300,397
8,2,tanh,0.02,256,4,0.4,0.02,0.02,dof2,dof10_simulation,0.001,transformer,1,1,300,398
8,2,tanh,0.02,256,4,0.8,0.02,0.02,dof2,dof10_simulation,0.001,transformer,1,1,300,399
8,2,tanh,0.02,256,0.5,0.1,0.02,0.02,dof2,dof10_simulation,0.001,transformer,1,1,300,400
8,2,tanh,0.02,256,0.5,0.2,0.02,0.02,dof2,dof10_simulation,0.001,transformer,1,1,300,401
8,2,tanh,0.02,256,0.5,0.4,0.02,0.02,dof2,dof10_simulation,0.001,transformer,1,1,300,402
8,2,tanh,0.02,256,0.5,0.8,0.02,0.02,dof2,dof10_simulation,0.001,transformer,1,1,300,403
8,2,tanh,0.02,256,1,0.1,0.02,0.02,dof2,dof10_simulation,0.001,transformer,1,1,300,404
8,2,tanh,0.02,256,1,0.2,0.02,0.02,dof2,dof10_simulation,0.001,transformer,1,1,300,405
8,2,tanh,0.02,256,1,0.4,0.02,0.02,dof2,dof10_simulation,0.001,transformer,1,1,300,406
8,2,tanh,0.02,256,1,0.8,0.02,0.02,dof2,dof10_simulation,0.001,transformer,1,1,300,407
8,2,tanh,0.02,256,2,0.1,0.02,0.02,dof2,dof10_simulation,0.001,transformer,1,1,300,408
8,2,tanh,0.02,256,2,0.2,0.02,0.02,dof2,dof10_simulation,0.001,transformer,1,1,300,409
8,2,tanh,0.02,256,2,0.4,0.02,0.02,dof2,dof10_simulation,0.001,transformer,1,1,300,410
8,2,tanh,0.02,256,2,0.8,0.02,0.02,dof2,dof10_simulation,0.001,transformer,1,1,300,411
8,2,tanh,0.02,256,4,0.1,0.02,0.02,dof2,dof10_simulation,0.001,transformer,1,1,300,412
8,2,tanh,0.02,256,4,0.2,0.02,0.02,dof2,dof10_simulation,0.001,transformer,1,1,300,413
8,2,tanh,0.02,256,4,0.4,0.02,0.02,dof2,dof10_simulation,0.001,transformer,1,1,300,414
8,2,tanh,0.02,256,4,0.8,0.02,0.02,dof2,dof10_simulation,0.001,transformer,1,1,300,415
8,2,tanh,0.02,256,0.5,0.1,0.02,0.02,dof2,dof10_simulation,0.001,transformer,1,1,300,416
8,2,tanh,0.02,256,0.5,0.2,0.02,0.02,dof2,dof10_simulation,0.001,transformer,1,1,300,417
8,2,tanh,0.02,256,0.5,0.4,0.02,0.02,dof2,dof10_simulation,0.001,transformer,1,1,300,418
8,2,tanh,0.02,256,0.5,0.8,0.02,0.02,dof2,dof10_simulation,0.001,transformer,1,1,300,419
8,2,tanh,0.02,256,1,0.1,0.02,0.02,dof2,dof10_simulation,0.001,transformer,1,1,300,420
8,2,tanh,0.02,256,1,0.2,0.02,0.02,dof2,dof10_simulation,0.001,transformer,1,1,300,421
8,2,tanh,0.02,256,1,0.4,0.02,0.02,dof2,dof10_simulation,0.001,transformer,1,1,300,422
8,2,tanh,0.02,256,1,0.8,0.02,0.02,dof2,dof10_simulation,0.001,transformer,1,1,300,423
8,2,tanh,0.02,256,2,0.1,0.02,0.02,dof2,dof10_simulation,0.001,transformer,1,1,300,424
8,2,tanh,0.02,256,2,0.2,0.02,0.02,dof2,dof10_simulation,0.001,transformer,1,1,300,425
8,2,tanh,0.02,256,2,0.4,0.02,0.02,dof2,dof10_simulation,0.001,transformer,1,1,300,426
8,2,tanh,0.02,256,2,0.8,0.02,0.02,dof2,dof10_simulation,0.001,transformer,1,1,300,427
8,2,tanh,0.02,256,4,0.1,0.02,0.02,dof2,dof10_simulation,0.001,transformer,1,1,300,428
8,2,tanh,0.02,256,4,0.2,0.02,0.02,dof2,dof10_simulation,0.001,transformer,1,1,300,429
8,2,tanh,0.02,256,4,0.4,0.02,0.02,dof2,dof10_simulation,0.001,transformer,1,1,300,430
8,2,tanh,0.02,256,4,0.8,0.02,0.02,dof2,dof10_simulation,0.001,transformer,1,1,300,431
